<?xml version="1.0" encoding="UTF-8"?><?xml-stylesheet type="text/css" href="idempiereDocument.css"?><idempiereDocument>
    <header>AccesMaintain Package Description</header>
    <H1>Package Name:</H1>
    <packagename>AccesMaintain</packagename>
    <H1>Author:</H1>
    <Name:/>
    <H1>Email Address:</H1>
    <Email>nmicoud@tgi.fr</Email>
    <H1>Created:</H1>
    <Date>2019-04-03 07:18:02.497</Date>
    <H1>Updated:</H1>
    <Date>2019-04-03 07:19:44.446</Date>
    <H1>Description:</H1>
    <description>Form and messages for the Acces Maintain panel
See http://wiki.idempiere.org/en/Plugin:_AccessMaintain</description>
    <H1>Instructions:</H1>
    <instructions/>
    <H1>Files in Package:</H1>
    <file>File: PackOut.xml</file>
    <filedirectory>Directory: \dict\</filedirectory>
    <filenotes>Notes: Contains all application/object settings for package</filenotes>
    <H1>Client:</H1>
    <Client>0-SYSTEM-System</Client>
</idempiereDocument>
