<?xml version="1.0" encoding="UTF-8"?><idempiere Name="AccesMaintain" Version="1" idempiereVersion="" DataBaseVersion="" Description="Form and messages for the Acces Maintain panel&#10;See http://wiki.idempiere.org/en/Plugin:_AccessMaintain" Author="" AuthorEmail="nmicoud@tgi.fr" CreatedDate="2019-04-03 07:18:02.497" UpdatedDate="2019-04-03 07:19:44.446" PackOutVersion="100" UpdateDictionary="false" Client="0-SYSTEM-System" AD_Client_UU="11237b53-9592-4af1-b3c5-afd216514b5d">
    <AD_Menu type="table">
        <Parent_ID reference="uuid" reference-key="AD_Menu">cf4972be-cfd8-46aa-a64c-4e81ba4d952a</Parent_ID>
        <SeqNo>1</SeqNo>
        <AD_Client_ID>0</AD_Client_ID>
        <AD_Org_ID>0</AD_Org_ID>
        <Name>Access Maintain</Name>
        <Description>This panel helps to maintain access to windows, reports, forms, ...</Description>
        <Action>X</Action>
        <AD_Window_ID reference="id"/>
        <AD_Workflow_ID reference="id"/>
        <AD_Task_ID reference="id"/>
        <IsActive>Y</IsActive>
        <IsSummary>N</IsSummary>
        <AD_Process_ID reference="id"/>
        <IsSOTrx>Y</IsSOTrx>
        <AD_Form_ID reference="uuid" reference-key="AD_Form">66600a41-2ac0-411b-91f7-ec3067970d7b</AD_Form_ID>
        <IsReadOnly>N</IsReadOnly>
        <EntityType>U</EntityType>
        <IsCentrallyMaintained>Y</IsCentrallyMaintained>
        <AD_Menu_UU>c2217735-31dd-4fc5-b463-08a351682b03</AD_Menu_UU>
        <AD_InfoWindow_ID reference="id"/>
        <AD_Form type="table">
            <AD_Client_ID>0</AD_Client_ID>
            <AD_Org_ID>0</AD_Org_ID>
            <IsActive>Y</IsActive>
            <Name>Access Maintain</Name>
            <Description>This panel helps to maintain access to windows, reports, forms, ...</Description>
            <Help/>
            <Classname>org.tgi.webui.apps.form.WAccessMaintain</Classname>
            <AccessLevel>6</AccessLevel>
            <EntityType>TGI</EntityType>
            <IsBetaFunctionality>N</IsBetaFunctionality>
            <JSPURL/>
            <AD_Form_UU>66600a41-2ac0-411b-91f7-ec3067970d7b</AD_Form_UU>
            <AD_CtxHelp_ID reference="id"/>
        </AD_Form>
    </AD_Menu>
    <AD_Message type="table">
        <AD_Client_ID>0</AD_Client_ID>
        <AD_Org_ID>0</AD_Org_ID>
        <MsgType>I</MsgType>
        <MsgText>Activate</MsgText>
        <MsgTip/>
        <IsActive>Y</IsActive>
        <Value>AccessMaintain_Activate</Value>
        <EntityType>TGI</EntityType>
        <AD_Message_UU>65b1b822-5859-44e5-bf66-b906e8febb16</AD_Message_UU>
    </AD_Message>
    <AD_Message type="table">
        <AD_Client_ID>0</AD_Client_ID>
        <AD_Org_ID>0</AD_Org_ID>
        <MsgType>I</MsgType>
        <MsgText>All roles</MsgText>
        <MsgTip/>
        <IsActive>Y</IsActive>
        <Value>AccessMaintain_AllRoles</Value>
        <EntityType>TGI</EntityType>
        <AD_Message_UU>9d04edf4-9bed-4c36-adca-e31b9cfa5804</AD_Message_UU>
    </AD_Message>
    <AD_Message type="table">
        <AD_Client_ID>0</AD_Client_ID>
        <AD_Org_ID>0</AD_Org_ID>
        <MsgType>I</MsgType>
        <MsgText>Created since</MsgText>
        <MsgTip/>
        <IsActive>Y</IsActive>
        <Value>AccessMaintain_CreatedSince</Value>
        <EntityType>TGI</EntityType>
        <AD_Message_UU>5d124a21-c232-4f6c-9a74-e561433a4180</AD_Message_UU>
    </AD_Message>
    <AD_Message type="table">
        <AD_Client_ID>0</AD_Client_ID>
        <AD_Org_ID>0</AD_Org_ID>
        <MsgType>I</MsgType>
        <MsgText>Deactivate</MsgText>
        <MsgTip/>
        <IsActive>Y</IsActive>
        <Value>AccessMaintain_Deactivate</Value>
        <EntityType>TGI</EntityType>
        <AD_Message_UU>767099db-a8bb-4edf-bb35-1b70dd4059a2</AD_Message_UU>
    </AD_Message>
    <AD_Message type="table">
        <AD_Client_ID>0</AD_Client_ID>
        <AD_Org_ID>0</AD_Org_ID>
        <MsgType>I</MsgType>
        <MsgText>Remove</MsgText>
        <MsgTip/>
        <IsActive>Y</IsActive>
        <Value>AccessMaintain_Delete</Value>
        <EntityType>TGI</EntityType>
        <AD_Message_UU>beef7ec6-8ff4-46e2-9f3d-227129c779d6</AD_Message_UU>
    </AD_Message>
    <AD_Message type="table">
        <AD_Client_ID>0</AD_Client_ID>
        <AD_Org_ID>0</AD_Org_ID>
        <MsgType>I</MsgType>
        <MsgText>Exists</MsgText>
        <MsgTip/>
        <IsActive>Y</IsActive>
        <Value>AccessMaintain_Exists</Value>
        <EntityType>TGI</EntityType>
        <AD_Message_UU>a70b583e-2cc7-467d-a4ff-13316e142b05</AD_Message_UU>
    </AD_Message>
    <AD_Message type="table">
        <AD_Client_ID>0</AD_Client_ID>
        <AD_Org_ID>0</AD_Org_ID>
        <MsgType>I</MsgType>
        <MsgText>Filter on name</MsgText>
        <MsgTip/>
        <IsActive>Y</IsActive>
        <Value>AccessMaintain_FilterName</Value>
        <EntityType>TGI</EntityType>
        <AD_Message_UU>32db4b46-b8ae-4ee3-ab28-d2c5072d4d1b</AD_Message_UU>
    </AD_Message>
    <AD_Message type="table">
        <AD_Client_ID>0</AD_Client_ID>
        <AD_Org_ID>0</AD_Org_ID>
        <MsgType>I</MsgType>
        <MsgText>Filter on role</MsgText>
        <MsgTip/>
        <IsActive>Y</IsActive>
        <Value>AccessMaintain_FilterRole</Value>
        <EntityType>TGI</EntityType>
        <AD_Message_UU>926fc719-b47d-4970-9ca2-95a45772ed9b</AD_Message_UU>
    </AD_Message>
    <AD_Message type="table">
        <AD_Client_ID>0</AD_Client_ID>
        <AD_Org_ID>0</AD_Org_ID>
        <MsgType>I</MsgType>
        <MsgText>Filter on tenant</MsgText>
        <MsgTip/>
        <IsActive>Y</IsActive>
        <Value>AccessMaintain_FilterTenant</Value>
        <EntityType>TGI</EntityType>
        <AD_Message_UU>a70951c2-85fd-489d-8c78-e2939f8949cc</AD_Message_UU>
    </AD_Message>
    <AD_Message type="table">
        <AD_Client_ID>0</AD_Client_ID>
        <AD_Org_ID>0</AD_Org_ID>
        <MsgType>I</MsgType>
        <MsgText>Add</MsgText>
        <MsgTip/>
        <IsActive>Y</IsActive>
        <Value>AccessMaintain_Insert</Value>
        <EntityType>TGI</EntityType>
        <AD_Message_UU>9580f796-45ea-4807-867b-98a96c033162</AD_Message_UU>
    </AD_Message>
    <AD_Message type="table">
        <AD_Client_ID>0</AD_Client_ID>
        <AD_Org_ID>0</AD_Org_ID>
        <MsgType>I</MsgType>
        <MsgText>Roles with access</MsgText>
        <MsgTip/>
        <IsActive>Y</IsActive>
        <Value>AccessMaintain_RolesWithAccess</Value>
        <EntityType>TGI</EntityType>
        <AD_Message_UU>3369235f-5b7d-45f8-a70a-a83888b09b13</AD_Message_UU>
    </AD_Message>
    <AD_Message type="table">
        <AD_Client_ID>0</AD_Client_ID>
        <AD_Org_ID>0</AD_Org_ID>
        <MsgType>I</MsgType>
        <MsgText>Roles with active access</MsgText>
        <MsgTip/>
        <IsActive>Y</IsActive>
        <Value>AccessMaintain_RolesWithActiveAccess</Value>
        <EntityType>TGI</EntityType>
        <AD_Message_UU>e465e633-e0f7-4cbf-8e4c-f94da03c230b</AD_Message_UU>
    </AD_Message>
    <AD_Message type="table">
        <AD_Client_ID>0</AD_Client_ID>
        <AD_Org_ID>0</AD_Org_ID>
        <MsgType>I</MsgType>
        <MsgText>Roles without access</MsgText>
        <MsgTip/>
        <IsActive>Y</IsActive>
        <Value>AccessMaintain_RolesWithoutAccess</Value>
        <EntityType>TGI</EntityType>
        <AD_Message_UU>8efeea8a-bf0b-40a0-96bf-2bd90ee344e0</AD_Message_UU>
    </AD_Message>
</idempiere>
